{"cameraMode":{"drawMode":0,"name":"Shaded","section":"Shading Mode"},"sceneLighting":true,"audioPlay":false,"sceneViewState":{"m_AlwaysRefresh":false,"showFog":true,"showSkybox":true,"showFlares":true,"showImageEffects":true,"showParticleSystems":true,"showVisualEffectGraphs":true,"m_FxEnabled":true},"in2DMode":false,"pivot":{"x":-1.549600601196289,"y":-0.5527935028076172,"z":1.9482598304748536},"rotation":{"x":-0.44104957580566409,"y":-0.13322283327579499,"z":0.06638908386230469,"w":-0.8850569128990173},"size":5.660918235778809,"orthographic":false}